{
  "PGNNCert-E": {
    "accuracy": 0.6551724137931034,
    "time": 152.8435468673706,
    "certified": {
      "0": 0.6551724137931034,
      "1": 0.6551724137931034,
      "2": 0.6551724137931034,
      "3": 0.6551724137931034,
      "5": 0.43103448275862066,
      "10": 0.0,
      "15": 0.0,
      "20": 0.0,
      "25": 0.0,
      "30": 0.0
    }
  }
}