{
  "PGNNCert-E": {
    "accuracy": 0.8933333333333333,
    "time": 65228.97402834892,
    "certified": {
      "0": 0.8933333333333333,
      "1": 0.89,
      "2": 0.8866666666666667,
      "3": 0.88,
      "5": 0.8683333333333333,
      "10": 0.825,
      "15": 0.8066666666666666,
      "20": 0.7916666666666666,
      "25": 0.0,
      "30": 0.0
    }
  }
}