{
  "PGNNCert-E": {
    "accuracy": 0.6450704225352113,
    "time": 35893.58760857582,
    "certified": {
      "0": 0.6450704225352113,
      "1": 0.6309859154929578,
      "2": 0.6169014084507042,
      "3": 0.6084507042253521,
      "5": 0.5971830985915493,
      "10": 0.49859154929577465,
      "15": 0.37183098591549296,
      "20": 0.2,
      "25": 0.028169014084507043,
      "30": 0.0
    }
  }
}