{
  "PGNNCert-E": {
    "accuracy": 0.6551724137931034,
    "time": 5837.256675481796,
    "certified": {
      "0": 0.6551724137931034,
      "1": 0.6551724137931034,
      "2": 0.6551724137931034,
      "3": 0.6551724137931034,
      "5": 0.6551724137931034,
      "10": 0.6551724137931034,
      "15": 0.5689655172413793,
      "20": 0.0,
      "25": 0.0,
      "30": 0.0
    }
  }
}