{
  "PGNNCert-E": {
    "accuracy": 0.7194029850746269,
    "time": 37507.30350089073,
    "certified": {
      "0": 0.7194029850746269,
      "1": 0.6955223880597015,
      "2": 0.6776119402985075,
      "3": 0.6567164179104478,
      "5": 0.5940298507462687,
      "10": 0.45671641791044776,
      "15": 0.2955223880597015,
      "20": 0.16119402985074627,
      "25": 0.03880597014925373,
      "30": 0.0
    }
  }
}