{
  "PGNNCert-E": {
    "accuracy": 0.7206703910614525,
    "time": 1140.7284805774689,
    "certified": {
      "0": 0.7206703910614525,
      "1": 0.7139664804469273,
      "2": 0.7027932960893855,
      "3": 0.6994413407821229,
      "5": 0.6916201117318436,
      "10": 0.6603351955307263,
      "15": 0.623463687150838,
      "20": 0.5653631284916201,
      "25": 0.49162011173184356,
      "30": 0.02905027932960894
    }
  }
}