{
  "PGNNCert-E": {
    "accuracy": 0.7178714859437751,
    "time": 1175.0170323848724,
    "certified": {
      "0": 0.7178714859437751,
      "1": 0.7048192771084337,
      "2": 0.6977911646586346,
      "3": 0.6807228915662651,
      "5": 0.6536144578313253,
      "10": 0.5823293172690763,
      "15": 0.5060240963855421,
      "20": 0.3985943775100402,
      "25": 0.25100401606425704,
      "30": 0.0
    }
  }
}