{
  "PGNNCert-E": {
    "accuracy": 0.8506680196177913,
    "time": 5040.271164178848,
    "certified": {
      "0": 0.8506680196177913,
      "1": 0.8488077118214105,
      "2": 0.8466091662438694,
      "3": 0.8439032639945881,
      "5": 0.8415355995264671,
      "10": 0.8296972771858616,
      "15": 0.8178589548452562,
      "20": 0.8026382546930492,
      "25": 0.7809910366987992,
      "30": 0.13039066463723997
    }
  }
}