{
  "PGNNCert-E": {
    "accuracy": 0.8298956563940791,
    "time": 11019.26168012619,
    "certified": {
      "0": 0.8298956563940791,
      "1": 0.8260131036156273,
      "2": 0.8204319339966027,
      "3": 0.8138801261829653,
      "5": 0.8017471487503033,
      "10": 0.7697160883280757,
      "15": 0.7391409851977675,
      "20": 0.7003154574132492,
      "25": 0.6345547197282213,
      "30": 0.0
    }
  }
}