{
  "method": "Aethelred",
  "dataset": "MUTAG",
  "task": "graph",
  "test_acc": 0.7758620381355286,
  "T": 50,
  "n_test": 58,
  "budgets": [
    0,
    1,
    2,
    3,
    5,
    10,
    15,
    20,
    25,
    30
  ],
  "curve": {
    "0": 0.5,
    "1": 0.5,
    "2": 0.5,
    "3": 0.46551724137931033,
    "5": 0.39655172413793105,
    "10": 0.0,
    "15": 0.0,
    "20": 0.0,
    "25": 0.0,
    "30": 0.0
  }
}