{
  "method": "Aethelred",
  "dataset": "PROTEINS",
  "top_k_frac": 0.25,
  "mean_k": 19.038805970149255,
  "n_test": 335,
  "budgets": [
    0,
    1,
    2,
    3,
    4,
    6,
    8,
    10
  ],
  "curve": {
    "0": 1.0,
    "1": 0.8914547638118728,
    "2": 0.7829095276237457,
    "3": 0.6922747391968128,
    "4": 0.607610100023609,
    "6": 0.4717136574981032,
    "8": 0.368823611561081,
    "10": 0.29162652937672445
  }
}