{
  "method": "Aethelred",
  "dataset": "DD",
  "task": "graph",
  "test_acc": 0.7718309760093689,
  "T": 50,
  "n_test": 355,
  "budgets": [
    0,
    1,
    2,
    3,
    5,
    10,
    15,
    20,
    25,
    30
  ],
  "curve": {
    "0": 0.4169014084507042,
    "1": 0.4140845070422535,
    "2": 0.4112676056338028,
    "3": 0.4112676056338028,
    "5": 0.4112676056338028,
    "10": 0.4056338028169014,
    "15": 0.3971830985915493,
    "20": 0.37746478873239436,
    "25": 0.0,
    "30": 0.0
  }
}