{
  "method": "Aethelred",
  "dataset": "AIDS",
  "task": "graph",
  "test_acc": 0.9916666746139526,
  "T": 50,
  "n_test": 600,
  "budgets": [
    0,
    1,
    2,
    3,
    5,
    10,
    15,
    20,
    25,
    30
  ],
  "curve": {
    "0": 0.9883333333333333,
    "1": 0.9833333333333333,
    "2": 0.975,
    "3": 0.9216666666666666,
    "5": 0.39166666666666666,
    "10": 0.135,
    "15": 0.07833333333333334,
    "20": 0.01,
    "25": 0.0,
    "30": 0.0
  }
}