{
  "method": "Aethelred",
  "dataset": "PROTEINS",
  "task": "graph",
  "test_acc": 0.7731343507766724,
  "T": 50,
  "n_test": 335,
  "budgets": [
    0,
    1,
    2,
    3,
    5,
    10,
    15,
    20,
    25,
    30
  ],
  "curve": {
    "0": 0.7522388059701492,
    "1": 0.7522388059701492,
    "2": 0.7522388059701492,
    "3": 0.7373134328358208,
    "5": 0.7014925373134329,
    "10": 0.6119402985074627,
    "15": 0.44477611940298506,
    "20": 0.2537313432835821,
    "25": 0.04477611940298507,
    "30": 0.0
  }
}