{
  "method": "Aethelred",
  "dataset": "AIDS",
  "top_k_frac": 0.25,
  "mean_k": 4.068333333333333,
  "n_test": 600,
  "budgets": [
    0,
    1,
    2,
    3,
    4,
    6,
    8,
    10
  ],
  "curve": {
    "0": 1.0,
    "1": 0.6378852349992076,
    "2": 0.2907704699984114,
    "3": 0.1294890383309501,
    "4": 0.10098538444126688,
    "6": 0.06214474332856688,
    "8": 0.04270092761269233,
    "10": 0.02846875210845799
  }
}