{
  "method": "Aethelred",
  "dataset": "MUTAG",
  "top_k_frac": 0.25,
  "mean_k": 5.293103448275862,
  "n_test": 58,
  "budgets": [
    0,
    1,
    2,
    3,
    4,
    6,
    8,
    10
  ],
  "curve": {
    "0": 1.0,
    "1": 0.7931034482758624,
    "2": 0.5862068965517241,
    "3": 0.3793103448275862,
    "4": 0.21264367816091964,
    "6": 0.04310344827586206,
    "8": 0.0,
    "10": 0.0
  }
}