{
  "method": "Aethelred",
  "dataset": "DD",
  "top_k_frac": 0.25,
  "mean_k": 169.33521126760564,
  "n_test": 355,
  "budgets": [
    0,
    1,
    2,
    3,
    4,
    6,
    8,
    10
  ],
  "curve": {
    "0": 1.0,
    "1": 0.9900928132682622,
    "2": 0.9801856265365224,
    "3": 0.9702784398047837,
    "4": 0.9603712530730454,
    "6": 0.9405568796095682,
    "8": 0.9207425061460912,
    "10": 0.9009281326826142
  }
}