{"aethelred": [1.0, 1.0, 1.0, 1.0, 1.0, 1.0, 1.0, 1.0, 1.0, 1.0, 1.0, 1.0, 1.0, 1.0, 1.0, 1.0, 1.0, 1.0, 1.0, 1.0, 1.0, 1.0, 1.0, 1.0, 1.0, 1.0, 1.0, 1.0, 1.0, 1.0], "voting": [0.8158730158730159, 0.9000000000000001, 0.8400000000000001, 0.8740740740740743, 0.7507936507936509, 0.7873015873015874, 0.6417989417989418, 0.9, 0.7548148148148147, 0.8666666666666665, 0.7857142857142858, 0.7866666666666666, 0.8634920634920635, 0.7666666666666667, 0.7777777777777778, 0.7955555555555557, 0.8920634920634921, 0.942857142857143, 0.8920634920634923, 0.8476190476190478, 0.8095238095238095, 0.734074074074074, 0.717989417989418, 0.8984126984126984, 0.7714285714285716, 0.8407407407407408, 0.7634920634920636, 0.8873015873015874, 0.853968253968254, 0.853968253968254]}