{
  "method": "Aethelred",
  "dataset": "BADiamond",
  "task": "graph",
  "test_acc": 1.0,
  "k": 6,
  "n_test": 80,
  "budgets": [
    0,
    1,
    2,
    3,
    4,
    6,
    8,
    10
  ],
  "faithfulness_precision_at_k": 0.43125,
  "faithfulness_recall_at_k": 0.5175000000000003,
  "expl_stability_frac": {
    "0": 1.0,
    "1": 0.8333333333333341,
    "2": 0.666666666666666,
    "3": 0.5,
    "4": 0.333333333333333,
    "6": 0.0,
    "8": 0.0,
    "10": 0.0
  },
  "certified_faithfulness_recall": {
    "0": 0.5175000000000003,
    "1": 0.41999999999999976,
    "2": 0.3549999999999996,
    "3": 0.29249999999999976,
    "4": 0.12999999999999995,
    "6": 0.0,
    "8": 0.0,
    "10": 0.0
  }
}