{
  "method": "Aethelred",
  "dataset": "BAHouse",
  "task": "graph",
  "test_acc": 1.0,
  "k": 6,
  "n_test": 80,
  "budgets": [
    0,
    1,
    2,
    3,
    4,
    6,
    8,
    10
  ],
  "faithfulness_precision_at_k": 0.6979166666666669,
  "faithfulness_recall_at_k": 0.6979166666666669,
  "expl_stability_frac": {
    "0": 1.0,
    "1": 0.8333333333333341,
    "2": 0.666666666666666,
    "3": 0.5,
    "4": 0.333333333333333,
    "6": 0.0,
    "8": 0.0,
    "10": 0.0
  },
  "certified_faithfulness_recall": {
    "0": 0.6979166666666669,
    "1": 0.5520833333333333,
    "2": 0.4729166666666667,
    "3": 0.3270833333333333,
    "4": 0.26666666666666655,
    "6": 0.0,
    "8": 0.0,
    "10": 0.0
  }
}