{
  "method": "Aethelred",
  "dataset": "Benzene",
  "task": "graph",
  "test_acc": 0.8858333826065063,
  "k": 12,
  "n_test": 80,
  "budgets": [
    0,
    1,
    2,
    3,
    4,
    6,
    8,
    10
  ],
  "faithfulness_precision_at_k": 0.5172348484848486,
  "faithfulness_recall_at_k": 0.8214010866584396,
  "expl_stability_frac": {
    "0": 1.0,
    "1": 0.9165719696969695,
    "2": 0.8331439393939402,
    "3": 0.7497159090909091,
    "4": 0.6662878787878781,
    "6": 0.49943181818181814,
    "8": 0.33257575757575725,
    "10": 0.1657196969696968
  },
  "certified_faithfulness_recall": {
    "0": 0.8214010866584396,
    "1": 0.7747600438776908,
    "2": 0.716930189908131,
    "3": 0.6619558137940491,
    "4": 0.6108417317976141,
    "6": 0.4293676299191005,
    "8": 0.27856763334704515,
    "10": 0.16407214109419987
  }
}