{
  "method": "Aethelred",
  "dataset": "MUTAG",
  "top_k_frac": 0.25,
  "mean_k": 5.25,
  "n_test": 20,
  "budgets": [
    0,
    1,
    2,
    4
  ],
  "curve": {
    "0": 1.0,
    "1": 0.791904761904762,
    "2": 0.5838095238095237,
    "4": 0.20095238095238094
  }
}