{
  "method": "XGNNCert",
  "dataset": "Benzene",
  "T": 70,
  "p": 0.3,
  "tau": 0.3,
  "k": 12,
  "n_test_expl": 79,
  "n_test_pred": 80,
  "base_explainer": "PGExplainer",
  "budgets": [
    0,
    1,
    2,
    3,
    4,
    6,
    8,
    10
  ],
  "pred_certified_acc": {
    "0": 0.775,
    "1": 0.775,
    "2": 0.7625,
    "3": 0.7625,
    "4": 0.75,
    "6": 0.7375,
    "8": 0.7375,
    "10": 0.7375
  },
  "expl_stability_frac": {
    "0": 0.10654008438818563,
    "1": 0.04535864978902956,
    "2": 0.01160337552742616,
    "3": 0.004219409282700422,
    "4": 0.0,
    "6": 0.0,
    "8": 0.0,
    "10": 0.0
  },
  "faithfulness_precision_at_k": 0.34071729957805913,
  "faithfulness_recall_at_k": 0.5176139943451932,
  "certified_faithfulness_recall": {
    "0": 0.03913107245199576,
    "1": 0.012443872831065683,
    "2": 0.0,
    "3": 0.0,
    "4": 0.0,
    "6": 0.0,
    "8": 0.0,
    "10": 0.0
  }
}