{
  "method": "XGNNCert",
  "dataset": "BAHouse",
  "T": 70,
  "p": 0.3,
  "tau": 0.3,
  "k": 6,
  "n_test_expl": 80,
  "n_test_pred": 80,
  "base_explainer": "PGExplainer",
  "budgets": [
    0,
    1,
    2,
    3,
    4,
    6,
    8,
    10
  ],
  "pred_certified_acc": {
    "0": 1.0,
    "1": 1.0,
    "2": 1.0,
    "3": 1.0,
    "4": 1.0,
    "6": 1.0,
    "8": 1.0,
    "10": 1.0
  },
  "expl_stability_frac": {
    "0": 0.4999999999999999,
    "1": 0.31250000000000006,
    "2": 0.225,
    "3": 0.20416666666666655,
    "4": 0.16458333333333325,
    "6": 0.07916666666666664,
    "8": 0.03958333333333332,
    "10": 0.0
  },
  "faithfulness_precision_at_k": 0.74375,
  "faithfulness_recall_at_k": 0.74375,
  "certified_faithfulness_recall": {
    "0": 0.352083333333333,
    "1": 0.2708333333333335,
    "2": 0.20416666666666655,
    "3": 0.20416666666666655,
    "4": 0.16458333333333325,
    "6": 0.07916666666666664,
    "8": 0.03958333333333332,
    "10": 0.0
  }
}