{
  "method": "XGNNCert",
  "dataset": "BADiamond",
  "T": 70,
  "p": 0.3,
  "tau": 0.3,
  "k": 6,
  "n_test_expl": 80,
  "n_test_pred": 80,
  "base_explainer": "PGExplainer",
  "budgets": [
    0,
    1,
    2,
    3,
    4,
    6,
    8,
    10
  ],
  "pred_certified_acc": {
    "0": 1.0,
    "1": 1.0,
    "2": 1.0,
    "3": 1.0,
    "4": 1.0,
    "6": 1.0,
    "8": 1.0,
    "10": 1.0
  },
  "expl_stability_frac": {
    "0": 0.1479166666666666,
    "1": 0.054166666666666655,
    "2": 0.054166666666666655,
    "3": 0.054166666666666655,
    "4": 0.0,
    "6": 0.0,
    "8": 0.0,
    "10": 0.0
  },
  "faithfulness_precision_at_k": 0.39374999999999966,
  "faithfulness_recall_at_k": 0.47249999999999986,
  "certified_faithfulness_recall": {
    "0": 0.145,
    "1": 0.06500000000000003,
    "2": 0.06500000000000003,
    "3": 0.06500000000000003,
    "4": 0.0,
    "6": 0.0,
    "8": 0.0,
    "10": 0.0
  }
}