{
  "method": "XGNNCert",
  "dataset": "FC",
  "T": 70,
  "p": 0.3,
  "tau": 0.3,
  "k": 12,
  "n_test_expl": 80,
  "n_test_pred": 80,
  "base_explainer": "PGExplainer",
  "budgets": [
    0,
    1,
    2,
    3,
    4,
    6,
    8,
    10
  ],
  "pred_certified_acc": {
    "0": 0.0,
    "1": 0.0,
    "2": 0.0,
    "3": 0.0,
    "4": 0.0,
    "6": 0.0,
    "8": 0.0,
    "10": 0.0
  },
  "expl_stability_frac": {
    "0": 0.10416666666666666,
    "1": 0.04583333333333335,
    "2": 0.018749999999999996,
    "3": 0.003125,
    "4": 0.0,
    "6": 0.0,
    "8": 0.0,
    "10": 0.0
  },
  "faithfulness_precision_at_k": 0.24791666666666662,
  "faithfulness_recall_at_k": 0.6759226190476191,
  "certified_faithfulness_recall": {
    "0": 0.1063392857142857,
    "1": 0.05223214285714286,
    "2": 0.01949404761904762,
    "3": 0.0020833333333333333,
    "4": 0.0,
    "6": 0.0,
    "8": 0.0,
    "10": 0.0
  }
}