{
  "method": "Aethelred",
  "dataset": "FC",
  "task": "graph",
  "test_acc": 0.8143021464347839,
  "k": 12,
  "n_test": 80,
  "budgets": [
    0,
    1,
    2,
    3,
    4,
    6,
    8,
    10
  ],
  "faithfulness_precision_at_k": 0.278125,
  "faithfulness_recall_at_k": 0.772599206349206,
  "expl_stability_frac": {
    "0": 1.0,
    "1": 0.9166666666666664,
    "2": 0.8333333333333341,
    "3": 0.75,
    "4": 0.666666666666666,
    "6": 0.5,
    "8": 0.333333333333333,
    "10": 0.1666666666666665
  },
  "certified_faithfulness_recall": {
    "0": 0.772599206349206,
    "1": 0.7514087301587298,
    "2": 0.7180456349206347,
    "3": 0.6713690476190475,
    "4": 0.6324007936507935,
    "6": 0.5360218253968252,
    "8": 0.3881150793650793,
    "10": 0.18479166666666672
  }
}