{
  "method": "XGNNCert",
  "dataset": "BAWheel",
  "T": 70,
  "p": 0.3,
  "tau": 0.3,
  "k": 6,
  "n_test_expl": 80,
  "n_test_pred": 80,
  "base_explainer": "PGExplainer",
  "budgets": [
    0,
    1,
    2,
    3,
    4,
    6,
    8,
    10
  ],
  "pred_certified_acc": {
    "0": 1.0,
    "1": 1.0,
    "2": 1.0,
    "3": 1.0,
    "4": 1.0,
    "6": 1.0,
    "8": 1.0,
    "10": 1.0
  },
  "expl_stability_frac": {
    "0": 0.2416666666666667,
    "1": 0.18749999999999986,
    "2": 0.1020833333333333,
    "3": 0.0,
    "4": 0.0,
    "6": 0.0,
    "8": 0.0,
    "10": 0.0
  },
  "faithfulness_precision_at_k": 0.4125,
  "faithfulness_recall_at_k": 0.309375,
  "certified_faithfulness_recall": {
    "0": 0.05625,
    "1": 0.028125,
    "2": 0.028125,
    "3": 0.0,
    "4": 0.0,
    "6": 0.0,
    "8": 0.0,
    "10": 0.0
  }
}