{
  "method": "Aethelred",
  "dataset": "BAWheel",
  "task": "graph",
  "test_acc": 1.0,
  "k": 6,
  "n_test": 80,
  "budgets": [
    0,
    1,
    2,
    3,
    4,
    6,
    8,
    10
  ],
  "faithfulness_precision_at_k": 0.4,
  "faithfulness_recall_at_k": 0.3,
  "expl_stability_frac": {
    "0": 1.0,
    "1": 0.8333333333333341,
    "2": 0.666666666666666,
    "3": 0.5,
    "4": 0.333333333333333,
    "6": 0.0,
    "8": 0.0,
    "10": 0.0
  },
  "certified_faithfulness_recall": {
    "0": 0.3,
    "1": 0.2609375,
    "2": 0.209375,
    "3": 0.1890625,
    "4": 0.13125,
    "6": 0.0,
    "8": 0.0,
    "10": 0.0
  }
}