{
  "_README": "SOTA PGNNCert numeric certified-accuracy curves, REPRODUCED via official _ref_pgnncert code under torch2.4. variant=E, GCN, T=50(graph)/60(node), 200ep. Certified acc at edge-perturbation budget p.",
  "_provenance": "reproduced from official PGNNCert code (not figure-digitized)",
  "budgets": [
    0,
    1,
    2,
    3,
    5,
    10,
    15,
    20,
    25,
    30
  ],
  "curves": {
    "AIDS": {
      "clean_acc": 0.8933333333333333,
      "certified": {
        "0": 0.8933333333333333,
        "1": 0.89,
        "2": 0.8866666666666667,
        "3": 0.88,
        "5": 0.8683333333333333,
        "10": 0.825,
        "15": 0.8066666666666666,
        "20": 0.7916666666666666,
        "25": 0.0,
        "30": 0.0
      },
      "variant": "PGNNCert-E"
    },
    "DD": {
      "clean_acc": 0.6450704225352113,
      "certified": {
        "0": 0.6450704225352113,
        "1": 0.6309859154929578,
        "2": 0.6169014084507042,
        "3": 0.6084507042253521,
        "5": 0.5971830985915493,
        "10": 0.49859154929577465,
        "15": 0.37183098591549296,
        "20": 0.2,
        "25": 0.028169014084507043,
        "30": 0.0
      },
      "variant": "PGNNCert-E"
    },
    "MUTAG": {
      "clean_acc": 0.6551724137931034,
      "certified": {
        "0": 0.6551724137931034,
        "1": 0.6551724137931034,
        "2": 0.6551724137931034,
        "3": 0.6551724137931034,
        "5": 0.6551724137931034,
        "10": 0.6551724137931034,
        "15": 0.5689655172413793,
        "20": 0.0,
        "25": 0.0,
        "30": 0.0
      },
      "variant": "PGNNCert-E"
    },
    "PROTEINS": {
      "clean_acc": 0.7194029850746269,
      "certified": {
        "0": 0.7194029850746269,
        "1": 0.6955223880597015,
        "2": 0.6776119402985075,
        "3": 0.6567164179104478,
        "5": 0.5940298507462687,
        "10": 0.45671641791044776,
        "15": 0.2955223880597015,
        "20": 0.16119402985074627,
        "25": 0.03880597014925373,
        "30": 0.0
      },
      "variant": "PGNNCert-E"
    },
    "Amazon-C": {
      "clean_acc": 0.8298956563940791,
      "certified": {
        "0": 0.8298956563940791,
        "1": 0.8260131036156273,
        "2": 0.8204319339966027,
        "3": 0.8138801261829653,
        "5": 0.8017471487503033,
        "10": 0.7697160883280757,
        "15": 0.7391409851977675,
        "20": 0.7003154574132492,
        "25": 0.6345547197282213,
        "30": 0.0
      },
      "variant": "PGNNCert-E"
    },
    "CiteSeer": {
      "clean_acc": 0.7178714859437751,
      "certified": {
        "0": 0.7178714859437751,
        "1": 0.7048192771084337,
        "2": 0.6977911646586346,
        "3": 0.6807228915662651,
        "5": 0.6536144578313253,
        "10": 0.5823293172690763,
        "15": 0.5060240963855421,
        "20": 0.3985943775100402,
        "25": 0.25100401606425704,
        "30": 0.0
      },
      "variant": "PGNNCert-E"
    },
    "Cora-ML": {
      "clean_acc": 0.7206703910614525,
      "certified": {
        "0": 0.7206703910614525,
        "1": 0.7139664804469273,
        "2": 0.7027932960893855,
        "3": 0.6994413407821229,
        "5": 0.6916201117318436,
        "10": 0.6603351955307263,
        "15": 0.623463687150838,
        "20": 0.5653631284916201,
        "25": 0.49162011173184356,
        "30": 0.02905027932960894
      },
      "variant": "PGNNCert-E"
    },
    "PubMed": {
      "clean_acc": 0.8506680196177913,
      "certified": {
        "0": 0.8506680196177913,
        "1": 0.8488077118214105,
        "2": 0.8466091662438694,
        "3": 0.8439032639945881,
        "5": 0.8415355995264671,
        "10": 0.8296972771858616,
        "15": 0.8178589548452562,
        "20": 0.8026382546930492,
        "25": 0.7809910366987992,
        "30": 0.13039066463723997
      },
      "variant": "PGNNCert-E"
    }
  }
}