{
  "raw": {
    "Aethelred": {
      "Balance": [
        0.36658333302781143,
        0.3372261901897452,
        0.3260476187720334,
        0.32253571401538517,
        0.30441666641225995
      ],
      "b=0.50": [
        0.3075357140160399,
        0.3403571425611139,
        0.3289404759138897,
        0.353857142551721,
        0.32928571400354584
      ],
      "b=0.70": [
        0.31499999971928566,
        0.3528333330219484,
        0.30366666639780154,
        0.3220119044754696,
        0.2951904759354076
      ],
      "b=0.90": [
        0.3726190472823157,
        0.3251309520854997,
        0.30979761877301554,
        0.324488094945947,
        0.3260833330409305
      ]
    }
  },
  "agg": {
    "Aethelred": {
      "Balance": [
        0.33136190448344705,
        0.020528653151460526
      ],
      "b=0.50": [
        0.33199523780926204,
        0.015249955565376274
      ],
      "b=0.70": [
        0.31774047590998256,
        0.019818367970451934
      ],
      "b=0.90": [
        0.3316238092255417,
        0.021357736872031952
      ]
    }
  },
  "ref": {
    "GNNExplainer": {
      "Balance": [
        0.249,
        0.011
      ],
      "b=0.50": [
        0.203,
        0.019
      ],
      "b=0.70": [
        0.167,
        0.039
      ],
      "b=0.90": [
        0.066,
        0.007
      ]
    },
    "DIR": {
      "Balance": [
        0.257,
        0.014
      ],
      "b=0.50": [
        0.255,
        0.016
      ],
      "b=0.70": [
        0.247,
        0.012
      ],
      "b=0.90": [
        0.192,
        0.044
      ]
    }
  }
}