{
  "Cora-ML": {
    "GCN": [
      0.7660335195530726,
      0.0024067775674344208
    ],
    "GSAGE": [
      0.7470391061452515,
      0.013640440189525701
    ],
    "GAT": [
      0.7713966480446927,
      0.009806975757538151
    ]
  },
  "CiteSeer": {
    "GCN": [
      0.7385542168674699,
      0.006463243750775528
    ],
    "GSAGE": [
      0.7152610441767069,
      0.025992965663107468
    ],
    "GAT": [
      0.7220883534136546,
      0.01150726809790715
    ]
  },
  "PubMed": {
    "GCN": [
      0.8670387282259429,
      0.0018507510935639316
    ],
    "GSAGE": [
      0.8690005073566718,
      0.0022349302941561673
    ],
    "GAT": [
      0.8583121934720108,
      0.001709356166885635
    ]
  },
  "Amazon-C": {
    "GCN": [
      0.8828925018199467,
      0.00464894152480584
    ],
    "GSAGE": [
      0.8782334384858045,
      0.012681045331472959
    ],
    "GAT": [
      0.8817277359864111,
      0.012416583464555096
    ]
  },
  "AIDS": {
    "GCN": [
      0.986,
      0.0024944382578492717
    ],
    "GSAGE": [
      0.9883333333333333,
      0.001054092553389449
    ],
    "GAT": [
      0.984,
      0.003265986323710873
    ]
  },
  "MUTAG": {
    "GCN": [
      0.7620689655172415,
      0.006896551724137945
    ],
    "GSAGE": [
      0.7448275862068966,
      0.06012274404883689
    ],
    "GAT": [
      0.7758620689655172,
      0.01090440572471857
    ]
  },
  "PROTEINS": {
    "GCN": [
      0.7397014925373135,
      0.004387145807969889
    ],
    "GSAGE": [
      0.7164179104477612,
      0.01437802337766246
    ],
    "GAT": [
      0.7170149253731343,
      0.0328846312929443
    ]
  },
  "DD": {
    "GCN": [
      0.7245070422535211,
      0.0032850433210396012
    ],
    "GSAGE": [
      0.7211267605633802,
      0.015221696998429662
    ],
    "GAT": [
      0.7267605633802817,
      0.006899971106431478
    ]
  }
}