{
  "Cora-ML": {
    "mean": 0.7635754189944134,
    "std": 0.006945372186779924,
    "raw": [
      0.7698324022346369,
      0.7508379888268156,
      0.7698324022346369,
      0.7642458100558659,
      0.7631284916201118
    ]
  },
  "CiteSeer": {
    "mean": 0.7050200803212852,
    "std": 0.005658234057672847,
    "raw": [
      0.6997991967871486,
      0.7048192771084337,
      0.7018072289156626,
      0.7158634538152611,
      0.7028112449799196
    ]
  },
  "PubMed": {
    "mean": 0.854456282766785,
    "std": 0.0019884239413764868,
    "raw": [
      0.8570945374598342,
      0.8535430407576526,
      0.8511753762895315,
      0.8552342296634534,
      0.8552342296634534
    ]
  },
  "Amazon-C": {
    "mean": 0.8842028633826742,
    "std": 0.0016270861066964345,
    "raw": [
      0.8861926716816306,
      0.8827954380004853,
      0.8827954380004853,
      0.8861926716816306,
      0.8830380975491385
    ]
  },
  "AIDS": {
    "mean": 0.9903333425521851,
    "std": 0.0028674390210753193,
    "raw": [
      0.9866666793823242,
      0.9950000047683716,
      0.9900000095367432,
      0.9916666746139526,
      0.9883333444595337
    ]
  },
  "MUTAG": {
    "mean": 0.7620689511299134,
    "std": 0.025339551300844223,
    "raw": [
      0.7758620381355286,
      0.7241379022598267,
      0.7413793206214905,
      0.7931034564971924,
      0.7758620381355286
    ]
  },
  "PROTEINS": {
    "mean": 0.7510447859764099,
    "std": 0.016086196632586133,
    "raw": [
      0.7402985095977783,
      0.7582089900970459,
      0.7701492309570312,
      0.7253731489181519,
      0.7611940503120422
    ]
  },
  "DD": {
    "mean": 0.7498591303825378,
    "std": 0.010296157551689198,
    "raw": [
      0.7492957711219788,
      0.7408450245857239,
      0.7492957711219788,
      0.7408450245857239,
      0.7690140604972839
    ]
  }
}