{
  "Cora-ML": {
    "mean": 0.795977653631285,
    "std": 0.004502668531756369,
    "raw": [
      0.8011173184357542,
      0.7955307262569833,
      0.7910614525139665,
      0.7910614525139665,
      0.8011173184357542
    ]
  },
  "CiteSeer": {
    "mean": 0.7634538152610442,
    "std": 0.0032750012912249053,
    "raw": [
      0.7600401606425703,
      0.7670682730923695,
      0.7650602409638554,
      0.7660642570281124,
      0.7590361445783133
    ]
  },
  "PubMed": {
    "mean": 0.8512092000676477,
    "std": 0.0009037976807635508,
    "raw": [
      0.8494841873837308,
      0.8513444951801116,
      0.8518518518518519,
      0.8513444951801116,
      0.8520209707424319
    ]
  },
  "Amazon-C": {
    "mean": 0.8484348459111866,
    "std": 0.009481252313879867,
    "raw": [
      0.8425139529240475,
      0.8558602280999758,
      0.854161611259403,
      0.8570735258432419,
      0.8325649114292647
    ]
  },
  "AIDS": {
    "mean": 0.9913333415985107,
    "std": 0.0035590226898586695,
    "raw": [
      0.9850000143051147,
      0.9950000047683716,
      0.9933333396911621,
      0.9933333396911621,
      0.9900000095367432
    ]
  },
  "MUTAG": {
    "mean": 0.7793103337287903,
    "std": 0.05811138840548461,
    "raw": [
      0.7758620381355286,
      0.8103448152542114,
      0.7931034564971924,
      0.8448275923728943,
      0.6724137663841248
    ]
  },
  "PROTEINS": {
    "mean": 0.7785074591636658,
    "std": 0.007408758237920853,
    "raw": [
      0.7701492309570312,
      0.7761194109916687,
      0.7731343507766724,
      0.7910447716712952,
      0.7820895314216614
    ]
  },
  "DD": {
    "mean": 0.7526760339736939,
    "std": 0.007846974093900476,
    "raw": [
      0.7464788556098938,
      0.763380229473114,
      0.7436619400978088,
      0.7605633735656738,
      0.7492957711219788
    ]
  }
}