{
  "Cora-ML": {
    "mean": 0.773854748603352,
    "std": 0.004926348086044368,
    "raw": [
      0.7675977653631285,
      0.7810055865921788,
      0.7698324022346369,
      0.7731843575418994,
      0.7776536312849162
    ]
  },
  "CiteSeer": {
    "mean": 0.7214859437751004,
    "std": 0.006915331468964874,
    "raw": [
      0.7309236947791165,
      0.7158634538152611,
      0.7198795180722891,
      0.7279116465863453,
      0.7128514056224899
    ]
  },
  "PubMed": {
    "mean": 0.863013698630137,
    "std": 0.001096015677051889,
    "raw": [
      0.8626754608489768,
      0.8616607475054964,
      0.8640284119736175,
      0.8645357686453576,
      0.8621681041772365
    ]
  },
  "Amazon-C": {
    "mean": 0.8794952681388013,
    "std": 0.0046716847565577,
    "raw": [
      0.872361077408396,
      0.8815821402572191,
      0.8866779907789372,
      0.878427566124727,
      0.878427566124727
    ]
  },
  "AIDS": {
    "mean": 0.9890000104904175,
    "std": 0.0008164958022559074,
    "raw": [
      0.9883333444595337,
      0.9900000095367432,
      0.9883333444595337,
      0.9900000095367432,
      0.9883333444595337
    ]
  },
  "MUTAG": {
    "mean": 0.7689655065536499,
    "std": 0.041665667538153164,
    "raw": [
      0.7931034564971924,
      0.6896551847457886,
      0.7758620381355286,
      0.7758620381355286,
      0.8103448152542114
    ]
  },
  "PROTEINS": {
    "mean": 0.7641790986061097,
    "std": 0.011940297484406443,
    "raw": [
      0.7701492309570312,
      0.7432835698127747,
      0.779104471206665,
      0.7611940503120422,
      0.7671641707420349
    ]
  },
  "DD": {
    "mean": 0.758309829235077,
    "std": 0.004846385296048571,
    "raw": [
      0.7577464580535889,
      0.7549295425415039,
      0.752112627029419,
      0.766197144985199,
      0.7605633735656738
    ]
  }
}